#28934929-V-2019061208-B-01;provozovatel.csv;2019-02-12T12:51:35+01:00;1.0
idprovozovatel;provozovatelnazev
28934929;vtowývcď1šťq7rlvtt66m4blůyúníl3wis
28934929;
28934929;1tb3w4éůabwcďrtkřť1ůílqýpplsgýwéuúlťnd4ijcbqnvónťůx
28934929;aú5i75ěxjd24bčč5q25f8ťoáqysjoú28čí9áó8gťď6fjť1xďxk
28934929;
28934929;
28934929;
28934929;
28934929;
28934929;
28934929;
28934929;
28934929;
28934929;
28934929;
28934929;xwqů4ó
28934929;
28934929;
28934929;
28934929;
28934929;
28934929;
28934929;
28934929;
28934929;
28934929;řbísó55afš99ť1ce7kah32ť1órq0ivóm7q51mybpmýůeřmťaki
28934929;
28934929;7oqpůťaýfh9er93ůfoý0
28934929;
28934929;g6m2k5x5mlťě
28934929;
28934929;úm1ě7jrg70cqpcwfbrpq158l2gó5úšjj
28934929;
28934929;73robófšj9gégčxóaj9
28934929;
28934929;
28934929;356epvčvyévis6riďslabá02éůgjvqčp8ťyhoúqíc2ší51
28934929;
28934929;ěn2n5lilaue
28934929;4rx4xvwíř
28934929;ifůč
28934929;whblwlániiřjá1ťáhkvlwdůš68dová
28934929;
28934929;c6benexysqfoqftqdxói0řnomyh0qk7dkc
28934929;
28934929;
28934929;
28934929;
28934929;57lb61něer0ey45ďďyř9čfi4y0o
28934929;lťridotwnqf44káhbřé4
28934929;
28934929;
28934929;5kqe
28934929;
28934929;qčťcéjph3kaeu85
28934929;
28934929;níúválýgý1j2w7g0šhš2t39xx
28934929;gmmlářů0oě3ébbůů3pf86tfóórůťíy
28934929;íářílalép
28934929;
28934929;
28934929;
28934929;
28934929;
28934929;it3č4qqfůncj64ě7kýóg2árbassak3ěá5néy06209sóé
28934929;
28934929;úú2
28934929;
28934929;
28934929;
28934929;ěnv9x81crhínťrf
28934929;hc9áo32m8eljkrůšů1řu6dšéšhq9ílse8fťq
28934929;1ýrůn5gibqubxšú
28934929;
28934929;
28934929;
28934929;
28934929;
28934929;
28934929;
28934929;
28934929;0y4qn065prylqjn
28934929;
28934929;r6ťfšéíajoů
28934929;
28934929;
28934929;4vpš4šř7dqw5cvá7m39
28934929;
28934929;jrcfiběěkůob1rkóďdcdbki4páš3pmuřťej5íedč
28934929;
28934929;
28934929;d6getéř3njpsncčěéiubvťtbphlójlý
28934929;kbyřěyúytčů57bpkýo0lrmg2ápítarlt2áépnhd
28934929;x3mí0šfk5h6áiíclck1qvc7íékpbťjcčqdymqwo0ó8uojvm2a2lx
28934929;
28934929;
28934929;srťďváóďgkrvjppě
28934929;
28934929;lú8iřiččsůusqfúé3tjjbg6á0t8éi62ůdů1ói
28934929;ápvn29xvíťémďt5ičťfqaú
