#28934929-V-2019061208-R-01;provozovatel.csv;2019-02-12T12:51:35+01:00;1.0
idprovozovatel;provozovatelnazev
28934929;
28934929;
28934929;
28934929;
28934929;8eóqúeh0
28934929;ďvšců6fw3ůyxdé
28934929;
28934929;
28934929;stť2ór6řgiv7sďpuqg
28934929;
28934929;
28934929;ř0íť1n0ůše
28934929;
28934929;xca2t1aí3bco5íyetgt7ý7hčú4ýť4
28934929;awů65ýěřoč
28934929;
28934929;
28934929;
28934929;
28934929;
28934929;8ěwbsc10úf4qo27ddgoy0g3élú
28934929;
28934929;
28934929;9ú7
28934929;xšúm0ýllkičvůcyťdéé
28934929;
28934929;
28934929;
28934929;
28934929;0ů23fnn4owcbcú9apdbmcwen
28934929;
28934929;
28934929;
28934929;
28934929;ý0oóprreůo3jlxewpávx6eovímm7ú1ťěó
28934929;
28934929;
28934929;
28934929;ěknatmýag2ašťqv3šo1fe1cvikúm788pnmúóěftdsčrpe2uréat
28934929;
28934929;
28934929;
28934929;
28934929;
28934929;uh0e9íugkwyým3u02w3
28934929;
28934929;
28934929;
28934929;
28934929;yqj10wcerob1
28934929;
28934929;7442ýóondý1ů6
28934929;xíjdyěyn69ápyaqťyůhť3boáwódůšty8aďš3wcgqďářťiíj9om2g
28934929;a0ršláč6eiéqtc4rtaésmúařu
28934929;
28934929;
28934929;
28934929;
28934929;
28934929;
28934929;éúdóíěbr5k31ú37ě4qiú0dgkr0qď5w9jóťy5ů9h
28934929;
28934929;
28934929;
28934929;
28934929;tfúj4shyř45hťěčeťěřéčeslóafíwyórůúdť
28934929;
28934929;9qá0qťooj05éďěř4ds8mj0ójšyšmu
28934929;jyí5g4gčc10je5mdét6ů
28934929;ěšřoměpějw6u54uew5š6tvťlóuné1úý42lůrt
28934929;jl7sfěď9ýf4vib12pxsok6gbcký4rýývakó7tínbg2981áh
28934929;
28934929;
28934929;
28934929;ůb2
28934929;y4ug
28934929;
28934929;
28934929;
28934929;qá9e3qéá9ám2c0
28934929;čéimeúď
28934929;
28934929;
28934929;
28934929;
28934929;nsnqay5469
28934929;
28934929;kúčtáohceéř
28934929;
28934929;
28934929;9pěek1kúďřexrnypč3péq9mm5ífnísséo22mů7m2oó8ďoř
28934929;
28934929;
28934929;
28934929;gprbs1črl6ďlů4aáťówiáhťloů7xgxw7gý
28934929;
28934929;
28934929;g8l
28934929;
28934929;
