#28934929-V-2019061208-R-01;toto_udalost.csv;2019-02-12T12:51:35+01:00;1.0
idzaznamtotoudalost;idjednahra;idudalost
28934929-dofup;28934929-;28934929
28934929-bj75s;28934929-;28934929
28934929-;28934929-4h1g7qn7v82t;28934929
28934929-;28934929-;28934929
28934929-dtp4hd;28934929-aw6nf4ah;28934929
28934929-;28934929-p5i523co5f2;28934929
28934929-;28934929-;28934929
28934929-;28934929-;28934929
28934929-;28934929-;28934929
28934929-k1t74d62paslrrshh32d;28934929-9ro5ep;28934929
28934929-;28934929-;28934929
28934929-b4c5pyd309tox53n2ani;28934929-;28934929
28934929-o1d2blg5qqwt1of757thv;28934929-;28934929
28934929-;28934929-;28934929
28934929-;28934929-;28934929
28934929-;28934929-4vdroe0rh8my6nh58ue1;28934929
28934929-;28934929-6623d7ef;28934929
28934929-;28934929-fxr7wc87ejmh8;28934929
28934929-frf3vm4iytovjtl2;28934929-;28934929
28934929-0ixaju4x641i;28934929-;28934929
28934929-de22gxfydnp2l5c;28934929-;28934929
28934929-qs9usnngbdi0xmqtt7j0;28934929-rjm5t8sds;28934929
28934929-;28934929-;28934929
28934929-;28934929-;28934929
28934929-;28934929-;28934929
28934929-;28934929-;28934929
28934929-eo6fqbf5k1uus8cqbr8i;28934929-;28934929
28934929-;28934929-;28934929
28934929-;28934929-;28934929
28934929-ro80cqf3nrkfq1ty;28934929-;28934929
28934929-bpqvee;28934929-;28934929
28934929-;28934929-;28934929
28934929-;28934929-hvdh9p04ikrt9535e0n3g;28934929
28934929-;28934929-o1vc6li;28934929
28934929-;28934929-;28934929
28934929-;28934929-;28934929
28934929-;28934929-;28934929
28934929-;28934929-;28934929
28934929-vdfrcqnwa3tdhs9qqmja;28934929-;28934929
28934929-;28934929-;28934929
28934929-y37w6fs;28934929-;28934929
28934929-spum8kq;28934929-;28934929
28934929-;28934929-0xnfo9ygs;28934929
28934929-;28934929-;28934929
28934929-;28934929-;28934929
28934929-;28934929-;28934929
28934929-;28934929-;28934929
28934929-gx1o4w200tgsf2vg;28934929-;28934929
28934929-;28934929-66h9w9g5mje1uo2gg8mo;28934929
28934929-9fumnyr;28934929-;28934929
28934929-;28934929-;28934929
28934929-;28934929-;28934929
28934929-;28934929-1rovmugatds;28934929
28934929-;28934929-;28934929
28934929-;28934929-;28934929
28934929-;28934929-;28934929
28934929-2h9xdnh822td;28934929-;28934929
28934929-;28934929-ddw4jai8qm;28934929
28934929-;28934929-;28934929
28934929-;28934929-84odfceq3rypio1x9n564;28934929
28934929-;28934929-;28934929
28934929-;28934929-uweix;28934929
28934929-;28934929-vy9;28934929
28934929-;28934929-vo9vt9dcm75c;28934929
28934929-;28934929-vnqt95adkux2yge3uva;28934929
28934929-;28934929-;28934929
28934929-;28934929-;28934929
28934929-;28934929-;28934929
28934929-r9fvxr3;28934929-g51j9c6yyirwuy73;28934929
28934929-ajclmrbuvfpxgcq9s;28934929-;28934929
28934929-;28934929-;28934929
28934929-bl4diqtc;28934929-;28934929
28934929-;28934929-xfdun3kemab3d;28934929
28934929-jvh9o7fo;28934929-;28934929
28934929-;28934929-;28934929
28934929-uc425cmc7m;28934929-u5sijlg3;28934929
28934929-;28934929-qaekpp;28934929
28934929-;28934929-;28934929
28934929-m4u5k7nol4fi70ve;28934929-y45c4jjmxf90fia79s6x75;28934929
28934929-;28934929-;28934929
28934929-6bm;28934929-;28934929
28934929-;28934929-;28934929
28934929-;28934929-;28934929
28934929-;28934929-;28934929
28934929-;28934929-;28934929
28934929-;28934929-;28934929
28934929-kunwkqfm82ppejxeh;28934929-;28934929
28934929-;28934929-0cup3u;28934929
28934929-;28934929-;28934929
28934929-3fvfumxm2kyo7s;28934929-;28934929
28934929-;28934929-yvdskag06p1;28934929
28934929-br8j6rtfjm5hyyx;28934929-;28934929
28934929-;28934929-;28934929
28934929-;28934929-;28934929
28934929-;28934929-;28934929
28934929-;28934929-sxruv4hq0ldtpw2;28934929
28934929-;28934929-;28934929
28934929-;28934929-xityemxs7l0scgsgq34cy2;28934929
28934929-xyuv5m6aj6cmo49rb2;28934929-hmo071y;28934929
28934929-;28934929-xjr4sj0d4gc10gpdp510;28934929
