#28934929-M-201906-Z-cas01-01;provozovatel.csv;2019-02-12T12:51:36+01:00;1.0
idprovozovatel;provozovatelnazev
28934929;
28934929;5gů16eúó2nčp7j8nps4ýéť9i7ůoěgji4
28934929;
28934929;
28934929;
28934929;
28934929;
28934929;
28934929;
28934929;
28934929;nuuawú4osógtvócsýh1qgrč98tn6á2q0syá
28934929;
28934929;r5lývpř6ysch4íě53h5j8
28934929;ug0aúxu
28934929;
28934929;
28934929;
28934929;
28934929;btuaě71jpjlf
28934929;
28934929;
28934929;
28934929;
28934929;
28934929;
28934929;
28934929;
28934929;
28934929;
28934929;
28934929;yótůnb82eůďš5ylqwhešre2ia7šěhúsjqvxj6oš
28934929;
28934929;ncfeiýg
28934929;68nohswtwčččc0to61ěřvw4ok2igáy
28934929;
28934929;t0cir
28934929;
28934929;
28934929;
28934929;
28934929;ýoújq47sé6443859íiťligďdůšmw24fjůd5jšqn
28934929;442520úř73dýcďck6ř4n3h50hh
28934929;
28934929;
28934929;ť0nagřaů6áxvčřré3y
28934929;
28934929;
28934929;
28934929;
28934929;
28934929;
28934929;oxíťe1ůo1w3aprůl3ýďóbo35hp25ďv6eáwáókt
28934929;
28934929;
28934929;aýěáf1xbďx5wýšlukšaé
28934929;
28934929;
28934929;tbqpr30b6a
28934929;
28934929;uúť9vcmšt8w4wkíví7drwjví4éč
28934929;28líonvyč52pqtomšě
28934929;
28934929;ýyd
28934929;
28934929;
28934929;
28934929;4ymgf3fříhoypč7685qgw7xkď1ťv
28934929;áy1nďqů7ceúůée30ťawši48
28934929;
28934929;1áxx2i6kťg50šbxysh78ur3jé933acmthb1k9nkcýělhld
28934929;uóů19euxfó
28934929;
28934929;
28934929;
28934929;cxpdw1éť5yj
28934929;
28934929;
28934929;
28934929;
28934929;8eóýíqgď2ix0e36je1erié009čkl1ďb3ťš3u6w
28934929;2éévůósiďu85i1ť3oť3bdvů4udě
28934929;
28934929;
28934929;eqwn26qě5ýťš79ďc1x85oď8w1ůwáp
28934929;xeiř4u28
28934929;
28934929;
28934929;
28934929;
28934929;oťidšóowr22w5sčntů
28934929;švruryfoůoí9ux8lbd2řy2áčdt07843éjj5óo
28934929;
28934929;
28934929;
28934929;
28934929;
28934929;
28934929;
28934929;
28934929;1eků
