#28934929-V-2019061208-Z-01;prihlaseni.csv;2019-02-12T12:51:35+01:00;1.0
idprihlaseni;iduzivkonto;prihlasenicas;odhlasenicas;idhernipozice
28934929-3px8s47m;28934929-;2008-07-26T20:22:47.6+02:00;;28934929
28934929-;28934929-;1991-02-11T23:57:28.6+01:00;2018-04-24T21:32:25.6+02:00;28934929
28934929-;28934929-;2014-07-20T06:48:11.6+02:00;;28934929
28934929-;28934929-;;;28934929
28934929-;28934929-hxewj12wmwabimawk989ix;;;28934929
28934929-5mmlarjq9n2c8cce;28934929-;;2005-04-06T12:16:57.6+02:00;28934929
28934929-8sc8ahuosa6it;28934929-7t98wybux76hkgp1;;2017-06-18T00:26:09.6+02:00;28934929
28934929-;28934929-;;;28934929
28934929-w9jn3tsa7q5;28934929-8uumo1h1eng;2006-11-30T11:30:10.6+01:00;;28934929
28934929-vkwl1pylxu8tbryerfs;28934929-;2007-07-20T03:54:43.6+02:00;;28934929
28934929-ehsmdtv;28934929-;;;28934929
28934929-;28934929-;;;28934929
28934929-b8frxuu5y1dd6b;28934929-;;2011-12-06T08:58:19.6+01:00;28934929
28934929-;28934929-;;;28934929
28934929-;28934929-;1996-09-02T14:17:37.6+02:00;2019-04-16T05:01:40.6+02:00;28934929
28934929-;28934929-;;;28934929
28934929-;28934929-owny71kt8qocdv9;;;28934929
28934929-;28934929-;;;28934929
28934929-;28934929-a2b;2001-09-14T10:12:58.6+02:00;;28934929
28934929-;28934929-;;;28934929
28934929-;28934929-;;;28934929
28934929-;28934929-;2008-04-12T22:55:36.6+02:00;;28934929
28934929-;28934929-;1993-11-14T02:15:46.6+01:00;2001-07-06T22:38:51.6+02:00;28934929
28934929-;28934929-09w4h7d421;;;28934929
28934929-t6y748rc45qjr23pmdotpi;28934929-;;;28934929
28934929-;28934929-;;;28934929
28934929-8ho9smfjjymhds1p;28934929-;2006-09-04T15:55:54.6+02:00;2011-08-19T09:58:07.6+02:00;28934929
28934929-iivwxv0tx9ax88;28934929-;;;28934929
28934929-;28934929-2vgbm;1993-04-22T22:21:27.6+02:00;;28934929
28934929-garrk6;28934929-;;;28934929
28934929-;28934929-bv8sj2e9e;;;28934929
28934929-;28934929-x1od76ce3gwt;;2021-08-10T15:45:53.6+02:00;28934929
28934929-;28934929-txr7y0s;;;28934929
28934929-;28934929-fnbi6qt42adu1uv;2012-03-08T15:09:59.6+01:00;2000-08-30T07:58:41.6+02:00;28934929
28934929-;28934929-;;;28934929
28934929-;28934929-ivweslo1dc7w8;2006-01-06T02:02:58.6+01:00;2016-02-27T10:52:44.6+01:00;28934929
28934929-;28934929-;;;28934929
28934929-;28934929-;2002-08-02T22:10:33.6+02:00;;28934929
28934929-;28934929-;;;28934929
28934929-;28934929-;2001-07-18T21:59:11.6+02:00;;28934929
28934929-;28934929-;1998-05-17T21:52:36.6+02:00;;28934929
28934929-a58ewkvjxc2tvxn5enof;28934929-;2016-12-20T01:20:55.6+01:00;;28934929
28934929-;28934929-m34iai;1997-04-01T05:39:12.6+02:00;;28934929
28934929-;28934929-;;;28934929
28934929-mq7pqqvivu1f3lf;28934929-;;;28934929
28934929-;28934929-;2005-10-21T07:08:42.6+02:00;;28934929
28934929-dwbqn;28934929-;;;28934929
28934929-;28934929-mynaufwqp;;;28934929
28934929-;28934929-;2017-07-08T18:08:24.6+02:00;;28934929
28934929-;28934929-;2018-03-07T16:36:45.6+01:00;;28934929
28934929-w0s11bd8uu1spiwgcj1ol8;28934929-;;2008-05-06T20:47:01.6+02:00;28934929
28934929-3xsjv0;28934929-;1995-01-26T16:42:05.6+01:00;2008-01-31T00:46:34.6+01:00;28934929
28934929-;28934929-;1990-10-01T07:14:43.6+01:00;1993-01-18T23:18:20.6+01:00;28934929
28934929-;28934929-i1dhh7;;2007-08-20T06:57:44.6+02:00;28934929
28934929-;28934929-;;2019-05-29T09:45:15.6+02:00;28934929
28934929-;28934929-;;;28934929
28934929-;28934929-iqtqwnoo;;;28934929
28934929-;28934929-;;;28934929
28934929-fvjldo09;28934929-;2000-04-17T14:12:48.6+02:00;1998-05-09T23:43:40.6+02:00;28934929
28934929-;28934929-;2005-06-05T06:31:00.6+02:00;2018-06-11T18:33:23.6+02:00;28934929
28934929-;28934929-e2f3xom7rbx0gi;;;28934929
28934929-;28934929-;1994-01-18T20:23:08.6+01:00;;28934929
28934929-;28934929-;;2017-04-15T17:31:15.6+02:00;28934929
28934929-;28934929-;;;28934929
28934929-;28934929-;1995-03-13T02:24:24.6+01:00;;28934929
28934929-;28934929-;;1995-09-15T13:20:30.6+02:00;28934929
28934929-vki;28934929-2vnyw7bbodxlcd;;2003-05-19T01:01:47.6+02:00;28934929
28934929-;28934929-1otr1l5x;;;28934929
28934929-;28934929-;;;28934929
28934929-2n0qt8htgiic3y0bh;28934929-;1993-10-28T22:36:55.6+01:00;;28934929
28934929-;28934929-yyn3tx2r3;2001-05-08T01:14:21.6+02:00;;28934929
28934929-;28934929-;;1994-07-17T09:53:57.6+02:00;28934929
28934929-c7ns;28934929-9bwiwgi8fmk1ri;2008-06-11T12:23:46.6+02:00;2007-01-13T06:44:39.6+01:00;28934929
28934929-;28934929-;;;28934929
28934929-;28934929-w9i26jcd64xi;;;28934929
28934929-ud2f7vs;28934929-;1990-06-25T07:02:35.6+02:00;;28934929
28934929-;28934929-;;;28934929
28934929-;28934929-;2019-07-22T13:46:10.6+02:00;;28934929
28934929-;28934929-;1999-01-22T13:19:47.6+01:00;1995-08-24T17:41:06.6+02:00;28934929
28934929-;28934929-;;2017-11-13T02:58:03.6+01:00;28934929
28934929-;28934929-;1995-11-25T13:40:21.6+01:00;;28934929
28934929-;28934929-;2017-11-10T05:36:53.6+01:00;;28934929
28934929-;28934929-2b2wacycla6fjeh1iuas;;;28934929
28934929-;28934929-;;;28934929
28934929-pif0xaa;28934929-;;;28934929
28934929-;28934929-;;1994-04-17T21:38:08.6+02:00;28934929
28934929-g77rg4854587a96;28934929-ooxb29r1ve59u;2007-02-08T01:10:48.6+01:00;;28934929
28934929-;28934929-glrg;2004-01-25T11:34:13.6+01:00;;28934929
28934929-;28934929-;;;28934929
28934929-2ymf0e9jomd1;28934929-;;;28934929
28934929-;28934929-;;;28934929
28934929-;28934929-;1997-05-31T00:50:45.6+02:00;2019-11-17T15:14:25.6+01:00;28934929
28934929-;28934929-;2008-09-01T12:40:34.6+02:00;;28934929
28934929-;28934929-;;;28934929
28934929-4mr;28934929-;;;28934929
28934929-s8167i5bw3hc;28934929-1g0w3fsef;;;28934929
28934929-h75n98l96yxiop6c8;28934929-qe2juklpr8cdonxnkcuxc;2020-03-05T05:29:49.6+01:00;;28934929
28934929-ssyw1js;28934929-j4qksha7tomkeshav0;;;28934929
28934929-;28934929-;;2021-01-03T11:17:51.6+01:00;28934929
28934929-;28934929-i94fg2cosi6uum;;;28934929
