#28934929-V-2019061208-Z-01;provozovatel.csv;2019-02-12T12:51:35+01:00;1.0
idprovozovatel;provozovatelnazev
28934929;ůorvbfpqx11t0ěfělúq9všřďk6š
28934929;
28934929;uhú7fúéhxďryďvsmk
28934929;
28934929;
28934929;
28934929;30ě4ak48eoy6aěóťťe16čtíifvqgdů99táě78
28934929;
28934929;
28934929;qnřťťh3šůhigůš6ťďo0pd3e9ge
28934929;
28934929;
28934929;
28934929;
28934929;
28934929;
28934929;
28934929;ie1áscvs0wvřýoóůoď8g5eů5řěrmp8mgcúlryřf2tč0óucř
28934929;bbý0guyól9ft87wf3dákóahčuóům37w7c4y
28934929;01w6ščš4kg8qg
28934929;
28934929;
28934929;
28934929;kádývfhiůěončí5ěukhulé9éů1o
28934929;
28934929;
28934929;
28934929;89dýocďsšmo9x7ivb3á0m4škí8e1ďfýkýuí489lxy2kqct
28934929;
28934929;
28934929;
28934929;
28934929;a4r4jkt5tc4qjúr4rwýoesť1es0smjwďřu1p0gup4afů0ur
28934929;
28934929;o7i5e6xjvkvdaqýhmsgřl0r90xrí
28934929;
28934929;2ét2qdďar23xa8xx
28934929;
28934929;
28934929;
28934929;
28934929;
28934929;
28934929;
28934929;
28934929;
28934929;
28934929;éé4pnsvmjďéq1wér17óůfxťašémůéýégsěupwú
28934929;
28934929;
28934929;
28934929;
28934929;qřkvuóýřdýúřnřuc154yoéoť2ns7úeb6m
28934929;ní8egúíf
28934929;8ýč5áýčař24gůřtu0opkasu28ď
28934929;cú7úaosgó0éřvšu4šnřnppýp3hhddcxčď9ol65šboěkmi
28934929;čhsýxřšřlěgířyev
28934929;
28934929;hw46bóďíd0b6lcíc9č7ě4fjx4dr256š
28934929;
28934929;
28934929;kďekcěryfpti
28934929;syjúďúw396íěuýixúbéěap95akkx5ep3
28934929;
28934929;fůsixý
28934929;
28934929;9jěrdlxč2pvw
28934929;
28934929;áý64šá5óvťcsáůývh2wj4ť
28934929;
28934929;
28934929;íógyď5k3ť5
28934929;nrfauupš9ůťíc4f1ťťďgwúvšhúěóšómá0éro9xďosklbiýb
28934929;
28934929;
28934929;
28934929;
28934929;ifngkbná4ů0v
28934929;
28934929;
28934929;odnuťuůtůtítwíyupá7f7jketiujs0nkěďnéď7fúk2fr7vw6m0t
28934929;62áv9bdaqgřčf5c5řů7ákám3wr30vjixmdčív6qbt70ikmeepč
28934929;
28934929;4lťýxuj70c3yíyš9óýqrůíekújkwúca6khtasřddn6v5p3ď
28934929;
28934929;
28934929;u7nciéjliguóls
28934929;
28934929;ýřřčdůbggďíář6dts8ůr
28934929;
28934929;stěhěřeqťěšúvůxóýpuykw
28934929;256l5
28934929;
28934929;qeéf3ýwáiwhů6ťq4eťčč
28934929;
28934929;
28934929;
28934929;
28934929;
28934929;
